à«ú÷ÿà«ú÷ÿ3rd & Ferry Fish Market
3rd St
à«ú÷ÿSeafood
à«ú÷ÿTuesday 12:00 22:30, Wednesday 12:00 22:30, Thursday 12:00 22:30, Friday 12:00 22:30, Saturday 11:00 22:30, Sunday 11:00 21:30
à«ú÷ÿ$$$
4.5
1498

à«ú÷ÿ3rd & Ferry Fish Market
Easton
à«ú÷ÿSeafood
Tuesday 12:00 22:30, Wednesday 12:00 22:30, Thursday 12:00 22:30, Friday 12:00 22:30, Saturday 11:00 22:30, Sunday 11:00 21:30
@¬ú÷ÿ$$
4.6
1492

3rd Ferry
Easton
Sea Food, Bar
Tuesday 2:00 22:00, Wednesday 2:00 22:00, Thursday 2:00 22:00, Friday 2:00 22:00, Saturday 2:00 22:00, Sunday 2:00 22:00
 ¬ú÷ÿ$$
3.5
126

5 Corner's Kitchen
Marblehead
French
Tuesday 5:00 21:00, Wednesday 5:00 21:00, Thursday 5:00 21:00, Friday 5:00 21:00, Saturday 5:00 21:00 
$$$
4.8
201

85C Bakery Cafe
San Jose
Bakery, Cafe, Taiwanese
Sunday 07:00 16:00, Monday 07:00 16:00, Tuesday 07:00 16:00, Wedensday 07:00 16:00, Thursday 07:00 16:00, Friday 07:00 16:00, Saturday 07:00 16:00
$
4.6
755

Acasia Thai Restaurant
Phillipsburg
Asian, Thai
Tuesday 11:30 15:00, Tuesday 16:00 21:00, Saturday 11:30 22:00
$$
4.7
2100

Alexander's Breakfast Bonanza
Easton
Breakfast
Monday 7:00 12:00, Tuesday 7:00 12:00, Wednesday 7:00 12:00, Thursday 7:00 12:00, Friday 9:00 12:00 
$
4.5
945

Amans
Easton
Indian, Spicy, Fine Dining
Tuesday 2:00 21:30, Wednesday 2:00 21:30, Thursday 2:00 21:30, Friday 2:00 21:30, Saturday 2:00 21:30, Sunday 2:00 21:30
$$
3.5
256

Angel's Share
Mondstadt
Tavern
Monday 17:00 23:00, Tuesday 17:00 23:00, Wednesday 17:00 23:00, Thursday 17:00 23:00, Friday 17:00 23:00, Saturday 17:00 23:00, Sunday 17:00 23:00
$
3.7
213

Angelinos
Philadelphia
Italian
Monday 11:00 21:30, Tuesday 11:00 21:30, Wednesday 11:00 21:30, Thursday 11:00 21:30, Friday 11:00 21:30, Saturday 11:00 21:30
$$
2.5
36

Angelo's restaurant 
Easton
American
Tuesday 08:00 14:00, Wednesday 08:00 14:00, Thursday 08:00 14:00, Friday 08:00 14:00, Saturday 08:00 14:00, Sunday 08:00 13:00
$
4.7
263

Bertucci
Pittsburgh
Italian
Monday 13:00 21:00, Tuesday 13:00 21:00, Friday 11:00 21:00, Saturday 11:00 23:00, Sunday 11:00 23:00
$$
4.2
35

Bob’s
Portland
American
Monday 10:00 21:00, Tuesday 10:00 21:00, Wednesday 10:00 21:00, Thursday 10:00 21:00, Friday 10:00 23:00, Saturday 10:00 23:00, Sunday 10:00 21:00
$
3
106

Brady's Brunch
Bethlehem
Breakfast
Monday 6:00 14:00, Tuesday 6:00 14:00, Wednesday 6:00 14:00, Thursday 6:00 14:00, Friday 6:00 14:00, Saturday 6:00 14:00
$
4.2
576

Brick House Bakery
Cobleskill 
Bakery
Sunday 5:00 21:00, Monday 5:00 21:00, Tuesday 5:00 21:00, Wednesday 5:00 21:00, Thursday 5:00 21:00, Friday 5:00 21:00, Saturday 5:00 21:00
$
4.5
83

Burger King 
Easton
Burgers, Fast Food
Tuesday 06:00 22:00, Friday 06:00 22:00, Sunday 07:00 22:00
$
4.3
1200

Burgers for Breakfast
Gasp
Fast Food, Fried, Take-Out
Monday 07:30 18:00, Tuesday 07:30 18:00, Wednesday 07:30 18:00, Thursday 07:30 18:00, Friday 05:30 18:00, Saturday 05:30 18:00
$
2.3
66

Buttermilk Cafe
Easton
Breakfast
Monday 7:00 2:30, Tuesday 7:00 2:30, Wednesday 7:00 2:30, Thursday 7:00 2:30, Friday 7:00 2:30, Saturday 7:00 2:30, Sunday 7:00 2:30 
$
4.1
35

Charlie's Hot Dogs
Nazareth
American
Monday 10:00 22:00, Tuesday 10:00 22:00, Wednesday 10:00 22:00, Thursday 10:00 22:00, Friday 10:00 22:00
$
4.9
136

Chic-fil-A
Whitehall
Fried-Chicken, Fast Food
Monday 8:00 24:00, Tuesday 8:00 24:00, Wednesday 8:00 24:00, Thursday 8:00 24:00, Friday 8:00 24:00, Saturday 8:00 24:00
$$$
3.0
5

Chipotle
Chester
Mexican
Monday 11:00 21:00, Wednesday 14:00 19:00, Friday 11:00 21:00, Saturday 11:00 22:00, Sunday 11:00 21:00
$
2.9
89

Chipotle
New York
Mexican, Fast Food
Tuesday 10:45 21:00, Wednesday 10:45 21:00, Thursday 10:45 21:00, Friday 10:45 21:00, Saturday 10:45 21:00, Sunday 10:45 19:00
$
4.0
302

Coffee World
Lviv
Cafe
Monday 8:00 22:00, Tuesday 8:00 22:00, Wednesday 8:00 22:00, Thursday 8:00 22:00, Friday 8:00 22:00, Saturday 8:00 22:00, Sunday 9:00 22:00
$$
4.6
3306

Coyote Cafe
Santa Fe
New Mexican, Dinner
Monday 11:30 23:59, Tuesday 11:30 23:59, Wednesday 11:30 23:59, Thursday 11:30 23:59, Friday 11:30 23:59, Saturday 11:30 23:59, Sunday 11:30 23:59
$$$
4.7
543

Culver's
Gurnee
Burgers, Fast Food
Monday 10:30 22:00, Tuesday 10:30 22:00, Wednesday 10:30 22:00, Thursday 10:30 22:00, Friday 10:30 22:00, Saturday 10:30 22:00, Sunday 10:30 22:00 
$
4.4
1203

Daddy's Place
Easton
Mediterranean
Tuesday 11:00 21:00, Wednesday 11:00 21:00, Thursday 11:00 21:00, Friday 11:00 21:00, Saturday 11:00 21:00, Sunday 13:00 20:00
$
4.5
244

Daddy's Place
Easton
Mediterranean
Tuesday 11:00 20:00, Wednesday 11:00 20:00, Thursday 11:00 20:00, Friday 11:00 20:30, Saturday 11:00 20:30, Sunday 12:00 21:00
$$
4.7
839

Daddy's Place
Easton
Mediterranean
Tuesday 11:00 20:00, Wednesday 11:00 20:00, Thursday 11:00 20:00, Friday 11:00 20:30, Saturday 11:00 20:30, Sunday 11:00 19:00
$$
4.7
838

Danny's Dumpster
Bethlehem
German
Monday 6:00 24:00, Tuesday 6:00 24:00, Wednesday 6:00 24:00, Thursday 6:00 24:00, Friday 6:00 24:00, Saturday 6:00 24:00, Sunday 6:00 24:00
$
1.2
3

Del Frisco's
Philadelphia
Steak
Monday 15:00 22:00, Tuesday 15:00 22:00, Wednesday 15:00 22:00, Thursday 15:00 22:00, Friday 15:00 22:00, Saturday 15:00 22:00, Sunday 15:00 22:00
$$$
4.3
250

Domino's
Easton
American, Fast Food
Monday 10:00 21:00, Tuesday 9:00 20:00, Saturday 11:00 23:00, Sunday 11:00 19:00
$
3.9
458

Dominos
New York
Pizza, Fast Food
Monday 10:00 23:00, Tuesday 10:00 23:00, Wednesday 10:00 23:00, Thursday 10:00 23:00, Friday 10:00 23:00, Saturday 10:00 23:00, Sunday 10:00 23:00
$
3.1
512

Don Juan Mex Grill
Easton
Mexican
Monday 11:00 20:00, Tuesday 11:00 20:00, Wednesday 11:00 20:00, Thursday 11:00 20:00, Friday 11:00 20:00, Saturday 11:00 20:00, Sunday 12:00 19:00
$$
4.4
64

Don Juan Mex Grill
Easton
Latin American
Monday 11:00 20:00, Tuesday 11:00 20:00, Wednesday 11:00 20:00, Thursday 11:00 20:00, Friday 11:00 20:00, Saturday 11:00 20:00, Sunday 12:00 21:00
$$
4.4
63

Downtown Dawg
Easton
Hot Dogs
Monday 11:00 22:00, Tuesday 11:00 22:00, Wednesday 11:00 22:00, Thursday 11:00 22:00, Friday 11:00 22:00, Saturday 11:00 22:00
$
5
100

Dynasty
Hopkinton
Chinese
Sunday 11:00 21:00, Wednesday 10:00 21:30, Thursday 10:00 21:30, Friday 10:00 21:30, Saturday 11:00 23:00
$
3.1
73

Easton Restaurant
Easton 
American
Wednesday 16:00 22:00, Thursday 16:00 22:00, Friday 16:00 22:00, Saturday 16:00 22:00, Sunday 13:00 20:00
$$$
4.6 
472

El Limon
Flourtown
Mexican
Monday 11:00 21:00, Tuesday 11:00 21:00, Wednesday 11:00 21:00, Thursday 11:00 21:00, Friday 11:00 21:00, Saturday 11:00 21:00
$$
4.5
32

El Taco Shack
Cobleskill
Mexican
Sunday 12:00 20:00, Monday 11:00 20:00, Tuesday 11:00 20:00, Wednesday 11:00 20:00, Thursday 11:00 20:00, Friday 11:00 21:00, Saturday 11:00 21:00
$$
4.2
17

Fat House
Boryslav
Ukrainian
Monday 9:00 21:00, Tuesday 9:00 21:00, Wednesday 9:00 21:00, Thursday 9:00 21:00, Friday 9:00 21:00, Saturday 9:00 21:00, Sunday 9:00 21:00
$
4.4
1576

Femboy Hooters
Easton
Diner
Friday 17:00 23:00, Saturday 17:00 23:00, Sunday 17:00 23:00
$
5.0
69

Five Guys
Easton
Fast Food
Monday 10:00 23:00, Tuesday 10:00 23:00, Wednesday 10:00 23:00, Thursday 10:00 23:00, Friday 10:00 23:00, Saturday 10:00 23:00, Sunday 10:00 23:00
$$
4.7
101

FoodMood
New York
American, Dinning
Monday 8:00 10:00, Tuesday 8:00 10:00, Wednesday 8:00 10:00, Thursday 8:00 10:00, Friday 8:00 10:00
$$
4.1
30

Fountain Restaurant 
Albany 
Italian, Pizza
Sunday 11:00 21:00, Tuesday 11:00 21:00, Wednesday 11:00 21:00, Thursday 11:00 21:00, Friday 11:00 22:00, Saturday 11:00 22:00
$$
3.2
126

Friends
Kyiv
Cafe, Fast Food
Monday 9:00 22:00, Tuesday 9:00 22:00, Wednesday 9:00 22:00, Thursday 9:00 22:00, Friday 9:00 22:00, Saturday 9:00 22:00, Sunday 9:00 22:00
$$
4.5
2402

Gabriellas
Harrisburg
Italian
Saturday 3:00 23:00, Sunday 3:00 23:00
$$$
5.0
172

Gas Lamp
Lviv
Beer Garden
Monday 11:00 23:00, Tuesday 11:00 23:00, Wednesday 11:00 23:00, Thursday 11:00 23:00, Friday 11:00 23:00, Saturday 11:00 23:00, Sunday 11:00 23:00
$$
4.6
15281

Georg's Smorgasbord
Sandtown
Family, Special Occasions, German
Monday 12:00 21:00, Tuesday 12:00 21:00, Wednesday 12:00 21:00, Thursday 12:00 21:00, Friday 12:00 21:00
$$$
4.0
2

Gilbo's
Firstin
Cafe, Vegetarian
Monday 07:00 12:00, Tuesday 07:00 12:00, Wednesday 07:00 12:00, Thursday 07:00 12:00, Friday 07:00 12:00, Saturday 07:00 15:00
$$
4.3
53

Giordano's
Gurnee
Pizza
Monday 11:00 21:00, Tuesday 11:00 21:00, Wednesday 11:00 21:00, Thursday 11:00 21:00, Friday 11:00 22:00, Saturday 11:00 22:00, Sunday 12:00 21:00  
$$
4.3
1453

Godmothers
Cape May
Italian
Monday 13:00 21:00, Wednesday 13:00 21:00, Friday 13:00 21:00, Saturday 13:00 24:00, Sunday 13:00 24:00
$$$
2.0
15

Goth iHop
Springfield
Breakfast
Monday 7:00 14:00, Tuesday 7:00 14:00, Wednesday 7:00 14:00, Thursday 7:00 14:00, Friday 7:00 14:00, Saturday 7:00 14:00, Sunday 7:00 14:00
$
4.6
420

Great Wall 
Harrisburg
Chinese
Monday 8:00 22:00, Wednesday 8:00 22:00, Friday 8:00 22:00
$
4.3
47

GreekGo
Brentwood
Greek
Monday 08:00 15:00, Tuesday 08:00 15:00, Wednesday 08:00 15:00, Thursday 08:00 15:00, Friday 08:00 15:00, Saturday 08:00 17:00
$
4.0
501

Greg's Italian Cuisine
Long Island City
Italian
Monday 11:00 24:00, Tuesday 11:00 24:00, Wednesday 11:00 24:00, Thursday 11:00 24:00, Friday 11:00 24:00, Saturday 12:00 23:00
$$$
3.9
1234

Grillby's
Snowdin
Pub
Monday 17:00 23:00, Tuesday 17:00 23:00, Wednesday 17:00 23:00, Thursday 17:00 23:00, Friday 17:00 23:00, Saturday 17:00 23:00, Sunday 17:00 23:00
$
3.5
8

Happy Potatoes
Portland
Vegetarian, Greek
Monday 9:00 17:00, Wednesday 9:00 17:00, Friday 9:00 17:00, Saturday 9:00 17:00, Sunday 9:00 17:00
$$
4
37

Henry's place
Eastwood
Pizza
Monday 11:00 23:00, Tuesday 11:00 23:00, Wednesday 11:00 23:00, Thursday 11:00 23:00, Friday 11:00 23:00, Saturday 10:00 23:00, Sunday 12:00 18:00 
$
3.7
103

Il Vecchio
Pacific Grove
Italian
Sunday 17:00 22:00, Wednesday 16:00 22:00, Friday 16:00 22:00, Saturday 16:00 22:00
$$$
4.7
836

Jenny's Kuali
Bethlehem
Malaysian
Monday 11:00 19:00, Tuesday 11:00 19:00, Wednesday 11:00 19:00, Thursday 11:00 19:00, Friday 11:00 21:00, Saturday 12:00 21:00
$
4.7
386

Koko
Easton
Indian, Local
Tuesday 8:00 10:00, Wednesday 8:00 10:00
$$$
3.9
10

Kubel's Too
Long Beach
American
Monday 11:00 20:00, Tuesday 11:00 20:00, Wednesday 11:00 20:00, Thursday 11:00 20:00, Friday 11:00 21:00, Saturday 8:00 21:00, Sunday 8:00 20:00
$$
3.5
84

Kuma Ani
Albany
Sushi
Monday 11:00 20:00, Tuesday 11:00 20:00, Wednesday 11:00 20:00, Thursday 11:00 20:00, Friday 11:00 20:00, Saturday 11:00 20:00
$$
4.8
397

La Comida Deliciosa
Ripon
Mexican
Monday 06:00 20:00, Tuesday 06:00 20:00, Wednesday 06:00 20:00, Thursday 06:00 20:00, Friday 06:00 20:00
$$
4.2
24

La Tolteca
Wilkesbarre
Mexican
Monday 11:00 20:00, Tuesday 11:00 20:00, Wednesday 11:00 20:00, Thursday 11:00 20:00, Friday 11:00 20:00
$$
2.3
21

MILAN'S BISTRO
Bethlehem
Mediterranean
Tuesday 9:00 15:00, Wednesday 9:00 15:00, Thursday 9:00 15:00, Friday 9:00 15:00, Saturday 8:00 15:00, Sunday 8:00 15:00
$$
4.9
52

Maxim’s 22
Easton
French
Wednesday 17:00 21:00, Thursday 17:00 21:00, Friday 17:00 22:00, Saturday 12:00 22:00, Sunday 10:00 21:00
$$$
4.4 
379 

McCarthy's Red Stag Pub
Bethlehem
Irish
Tuesday 12:00 21:00, Wednesday 12:00 21:00, Thursday 12:00 21:00, Friday 12:00 23:00, Saturday 11:00 23:00, Sunday 9:00 21:00 
$$
4.6
1456

McDonald's 
Easton
Fried Chicken, Fast Food
Monday 05:00 23:00, Saturday 05:00 24:00, Sunday 05:00 24:00
$
4.4
6200

McDonalds
Medfield
American, Fast-Food
Monday 8:00 24:00, Tuesday 8:00 24:00, Wednesday 8:00 24:00, Thursday 8:00 24:00, Friday 8:00 24:00, Saturday 8:00 24:00, Sunday 8:00 24:00
$
1.0	
5	

Med Express
Babylon
Mediterranean
Monday 1:00 21:00, Tuesday 1:00 21:00, Wednesday 1:00 21:00, Thursday 1:00 21:00, Friday 1:00 22:00, Saturday 1:00 22:00
$$
4.6
205

Mesa
Easton 
Mexican
Monday 11:30 22:00, Tuesday 11:30 22:00, Wednesday 11:30 22:00, Thursday 11:30 22:00, Friday 11:30 23:00, Saturday 11:30 23:00, Sunday 11:00 22:00
$$
4.2 
1105

Mesa Modern Mexican
3rd St
Mexican
Monday 11:30 22:00, Tuesday 11:30 22:00, Wednesday 11:30 22:00, Thursday 11:30 22:00, Friday 11:30 23:00, Saturday 11:30 23:00, Sunday 11:00 22:00
$$
4.2
1109

Mkani
Nouakchott
African
Friday 8:00 10:00
$
4.3
20

Mod Pizza
New York
American, Fast Food
Tuesday 10:00 21:00, Wednesday 10:00 21:00, Thursday 10:00 21:00, Friday 10:00 19:00
$
3.2
238

Mr. P's
Flourtown
Pizza
Monday 12:00 20:00, Tuesday 12:00 20:00, Wednesday 12:00 20:00, Thursday 12:00 20:00, Friday 12:00 22:00, Saturday 12:00 22:00, Sunday 12:00 6:00
$
2.3
75

Olives
Cleveland
Italian
Monday 9:00 17:00, Tuesday  9:00 17:00, Wednesday 9:00 17:00 
$$$
2
20

Olympic Feast
Cushing
Greek, Mediterranean
Sunday 12:00 20:00, Monday 10:00 20:00, Tuesday 10:00 20:00, Wednesday 10:00 20:00, Thursday 10:00 20:00, Friday 10:00 20:00, Saturday 10:00 20:00
$$$
3.7
97

Osaka
Harrisburg
Japanese
Wednesday 10:00 23:00, Thursday 10:00 23:00, Friday 10:00 23:00, Saturday 10:00 23:00 
$
4.8
500

Outback
Philadelphia
Steak
Monday 11:00 17:00, Friday 11:00 17:00, Saturday 11:00 23:00, Sunday 11:00 23:00
$$
3.5
20

Panda Express
Walpole
Chinese, Fast-Food
Monday 10:00 23:00, Tuesday 10:00 23:00, Wednesday 10:00 23:00, Thursday 10:00 23:00, Friday 10:00 23:00, Saturday 10:00 23:00, Sunday 10:00 23:00
$$
5.0
4

Panda Express
Easton
Chinese
Monday 10:00 21:00, Tuesday 9:00 20:00, Wednesday 8:00 22:30, Saturday 11:00 23:00, Sunday 11:00 19:00
$
2.4
789

Panera Bread
Phillipsburg
Bakery, Cafe
Monday 9:00 21:00, Tuesday 9:00 21:00, Wednesday 9:00 21:00, Thursday 9:00 21:00, Friday 9:00 21:00, Saturday 9:00 21:00, Sunday 9:00 21:00
$$$
1.0
5

Panicos
Cape May
Greek
Monday 11:00 21:00, Wednesday 02:00 19:00, Friday 11:00 9:00, Saturday 11:00 22:00, Sunday 11:00 22:00
$$
4.8
60

Pasta Beach
New York
Italian, Pasta
Monday 11:00 22:00, Tuesday 11:00 22:00, Wednesday 11:00 22:00, Thursday 11:00 22:00, Friday 11:00 22:00, Saturday 11:00 22:00, Sunday 11:00 22:00
$$$
4.1
200

Plant Place
Pontiac
Vegetarian
Monday 08:30 15:00, Wednesday 08:30 15:00, Friday 08:30 15:00
$$$
4.9
15

Popeyes
Phillisberg
American, Fast Food
Monday 10:00 21:00, Tuesday 9:00 20:00, Wednesday 9:00 21:00, Thursday 10:00 20:00, Saturday 11:00 23:00, Sunday 11:00 19:00
$
4.1
68

Portillo's Hot Dogs
Gurnee
Fast food, Italian
Monday 10:30 22:00, Tuesday 10:30 22:00, Wednesday 10:30 22:00, Thursday 10:30 22:00, Friday 10:30 23:00, Saturday 10:30 23:00, Sunday 10:30 22:00 
$
4.2
4080

Pub FAF
Nykarleby
Pub, Dinner
Wednesday 16:00 23:00, Thursday 16:00 23:00, Friday 16:00 11:59, Saturday 16:00 11:59
$$
3.7
236

Ray's Pizza
Willesden
Italian
Monday 09:00 17:00, Tuesday 09:00 17:00, Wednesday 09:00 17:00, Thursday 08:00 12:00
$$
4.4
59

Red Leaf
Wilkesbarre
Salad
Monday 11:00 16:00, Tuesday 11:00 16:00, Wednesday 11:00 18:00, Thursday 11:00 16:00, Friday 11:00 16:00, Saturday 10:00 15:00
$$
4.6
34

Red’s
New Orleans
French, American
Monday 10:00 21:00, Tuesday 10:00 21:00, Wednesday 10:00 21:00, Thursday 10:00 21:00, Friday 10:00 23:00, Saturday 10:00 23:00, Sunday 10:00 21:00
$$$
5
21

Sam's Burgers
East Islip
Fast Food
Monday 11:00 23:00, Tuesday 11:00 23:00, Wednesday 11:00 23:00, Thursday 11:00 23:00, Friday 11:00 23:00, Saturday 10:00 23:00, Sunday 12:00 18:00
$
3.5
327

Santos Pizza
Harrisburg
Italian
Friday 12:00 21:00, Saturday 12:00 21:00, Sunday 12:00 21:00
$$
4.6
38

Sette Luna
Easton
Italian
Monday 11:30 21:30, Tuesday 11:30 21:30, Wednesday 11:30 21:30, Thursday 11:30 21:30, Friday 11:30 22:30, Saturday 11:30 22:30, Sunday 10:30 21:00 
$$
4
360

Shake Shack
Los Angeles
Burgers, Fast Food
Monday 10:00 23:00, Tuesday 10:00 23:00, Wednesday 10:00 23:00, Thursday 10:00 23:00, Friday 10:00 23:00, Saturday 10:00 23:00, Sunday 10:00 23:00
$$
4.8
256

ShangWei Szechuan
Bethlehem
Chinese
Tuesday 11:00 21:45, Saturday 11:00 22:30, Sunday 11:30 21:45
$$
4.5
169

Sheetz
Harrisburg
American
Monday 10:00 23:00, Tuesday 10:00 23:00, Wednesday 10:00 23:00, Thursday 10:00 23:00
$$
3.7
105

Shrimp Time
Los Angeles
Seafood
Monday 10:00 21:00, Tuesday 10:00 21:00, Wednesday 10:00 21:00, Thursday 10:00 21:00, Friday 10:00 23:00, Saturday 10:00 23:00, Sunday 10:00 21:00
$$
1
45

Sit-Eat
Dnipro
Bistro, Pizza
Monday 10:00 21:00, Tuesday 10:00 21:00, Wednesday 10:00 21:00, Thursday 10:00 21:00, Friday 10:00 21:00, Saturday 11:00 21:00, Sunday 11:00 21:00
$
3.9
1001

Sogo
Easton 
Japanese
Monday 11:00 22:00, Tuesday 11:00 22:00, Wednesday 11:00 22:00, Thursday 11:00 22:00, Friday 11:00 23:00, Saturday 11:00 23:00, Sunday 12: 21:30
$$
4.2 
230

SomeResau
Cairo
Egyptian, To-Go
Monday 8:00 10:00, Tuesday 8:00 10:00, Wednesday 8:00 10:00, Thursday 8:00 10:00, Friday 8:00 10:00
$$$
4.5
1

South Ocean
Flourtown
Japanese, Chinese
Tuesday 11:00 22:00, Wednesday 11:00 22:00, Thursday 11:00 22:00, Friday 11:00 22:00, Saturday 11:00 22:00, Sunday 11:00 22:00
$
4.8
50

Spice Bazaar
Islamabad
Desi, Spicy, BBQ
Monday 14:00 21:00, Tuesday 14:00 21:00, Wednesday 14:00 21:00, Thursday 14:00 21:00, Friday 14:00 21:00, Saturday 14:00 23:00, Sunday 14:00 23:00
$$
4.0
406

Steve's Shed
Paris
Sketchy
Wednesday 0:00 24:00
$$$
0.0
0

Stoke
Easton 
Italian
Monday 12:00 21:00, Tuesday 12:00 21:00, Wednesday 12:00 21:00, Thursday 12:00 21:00, Friday 12:00 22:00, Saturday 12:00 22:00, Sunday 12:00 21:00
$$
4.3
858

Stoke Pizzaria
Easton
Pizza, American
Monday 10:00 23:00, Tuesday 10:00 23:00, Wednesday 10:00 23:00, Thursday 10:00 23:00, Friday 10:00 23:00, Saturday 10:00 23:00
$$
4.8
76

Sumo
Lahore
Japanese, Thai, Fine Dining
Monday 14:00 22:00, Tuesday 14:00 22:00, Wednesday 14:00 22:00, Thursday 14:00 22:00, Friday 14:00 22:00, Saturday 14:00 22:00, Sunday 14:00 22:00
$$$
4.5
567

Sunnyside
Ashland
American, Breakfast
Sunday 08:00 14:00, Monday 06:00 14:00, Tuesday 06:00 14:00, Wednesday 06:00 14:00, Thursday 06:00 14:00, Friday 06:00 14:00
$
2.8
23

Sushi Stop
Miami
Sushi, Japanese
Monday 11:00 22:00, Tuesday 11:00 22:00, Wednesday 11:00 22:00, Thursday 11:00 22:00, Friday 11:00 22:00, Saturday 11:00 22:00, Sunday 11:00 22:00
$$$
3.3
reviewers: 58

Table
Riyadh
Middle Eastern, Spicy
Monday 8:00 10:00, Tuesday 8:00 10:00, Wednesday 8:00 10:00, Thursday 8:00 10:00, Friday 8:00 10:00
$$$
4.2
10

Taco Bell
Walpole
Mexican, Fast-Food
Monday 8:00 24:00, Tuesday 8:00 23:00, Wednesday 8:00 23:00, Thursday 8:00 23:00, Friday 8:00 23:00, Saturday 8:00 23:00, Sunday 8:00 23:00
$
2.0
3

Taco Bell
Phillisberg
Mexican, Fast Food
Monday 10:00 21:00, Wednesday 10:00 21:00
$
2.7
1004

Tacos el Durango Mexican Grill
Gurnee
Mexican
Monday 9:00 15:00, Tuesday 9:00 15:00, Wednesday 9:00 19:00, Thursday 9:00 17:00, Friday 9:00 19:00, Saturday 9:00 15:00, Sunday 9:00 15:00  
$
4.6
339

Takumi Sushi
Easton
Sushi
Tuesday 11:00 21:30, Sunday 12:00 21:00, Friday 11:00 22:30
$$
4.8
440

Tandoor Grill
Easton
Indian
Tuesday 11:00 22:00, Wednesday 11:00 22:00, Thursday 11:00 22:00, Friday 11:00 22:00, Saturday 11:00 22:00, Sunday 11:00 22:00
$
4.5
181

The Beltway Diner
Hazleton
Diner
Monday 8:00 20:00, Tuesday 8:00 20:00, Wednesday 8:00 20:00, Thursday 8:00 20:00, Friday 8:00 20:00, Saturday 9:00 20:00, Sunday 10:00 20:00
$
3.1
7

The Chicken or the Egg
Beach Haven
Breakfast
Monday 11:00 20:00, Tuesday 11:00 20:00, Wednesday 11:00 20:00, Thursday 11:00 20:00, Friday 11:00 21:00, Saturday 8:00 21:00, Sunday 8:00 20:00
$
4.5
995

The Fudge Facade
Pheonix
Dessert
Saturday 9:00 14:45, Sunday 10:00 17:30
$$$
2.1
3252

The Garlic Knot
Freeland
Italian
Monday 11:30 20:00, Tuesday 11:30 20:00, Wednesday 11:30 20:00, Thursday 11:30 20:00, Friday 11:30 20:00
$
3.6
48

The Most Expensive Galician Restaurant
Lviv
Cafe
Monday 13:00 23:00, Tuesday 13:00 23:00, Wednesday 13:00 23:00, Thursday 13:00 23:00, Friday 13:00 23:00, Saturday 13:00 23:00, Sunday 13:00 23:00
$$$
4.6
1879

The Pantry
Santa Fe
New Mexican, Breakfast
Monday 6:30 20:30, Tuesday 6:30 20:30, Wednesday 6:30 20:30, Thursday 6:30 20:30, Friday 6:30 20:30
$$
4.6
2281

The Sewer
Paris
Rat-Owned, Anyone Can Cook
Monday 12:00 21:00, Tuesday 12:00 21:00, Wednesday 12:00 21:00, Thursday 12:00 21:00, Friday 12:00 21:00
$$
4.9
333

The Snuggly Duckling
Corona
Pub
Monday 17:00 23:00, Tuesday 17:00 23:00, Wednesday 17:00 23:00, Thursday 17:00 23:00, Friday 17:00 23:00, Saturday 17:00 23:00, Sunday 17:00 23:00
$
4.0
12

The Sugar Bowl
Elwood City
Dessert Parlor
Monday 11:00 21:30, Tuesday 11:00 21:30, Wednesday 11:00 21:30, Thursday 11:00 21:30, Friday 11:00 21:30, Saturday 11:00 21:30
$
4.1
42

Three Cod Tavern
Marblehead
Seafood
Monday 11:30 21:00, Tuesday 11:30 21:00, Wednesday 11:30 21:00, Thursday 11:30 21:00, Friday 11:30 22:00, Saturday 11:30 22:00, Sunday 11:00 21:00
$$
4.5
264

Tierra De fuego
Northampton St
Columbian
Monday 11:00 20:00, Tuesday 11:00 20:00, Thursday 11:00 20:00, Friday 11:00 21:00, Saturday 11:00 21:00, Sunday 11:00 20:00
$$
4.0
179

Tiger Sugar
Cambridge
Cafe, Taiwanese, Bubble Tea
Sunday 12:00 23:00, Tuesday 11:00 22:30, Wednesday 11:00 22:30, Thursday 11:00 22:30, Friday 11:00 22:30
$$
4.2
184

Tre Scalini Ristorante
Bethlehem
Italian
Tuesday 17:00 22:00, Wednesday 17:00 22:00, Thursday 17:00 22:00, Friday 17:00 22:00, Saturday 17:00 22:00
$$$
4.7
149

Trolley Stop
Easton
Comfort, Diner
Monday 7:00 22:00, Tuesday 7:00 22:00, Wednesday 7:00 22:00, Thursday 7:00 22:00, Friday 7:00 22:00, Saturday 7:30 11:00, Sunday 7:00 22:00
$
4
13

Untouchable Nutrition 
Albany
Juice Bar
Sunday 11:00 15:00, Monday 6:00 17:00, Tuesday 6:00 17:00, Wednesday 6:00 17:00, Thursday 6:00 17:00, Friday 6:00 17:00, Saturday 8:00 15:00
$$$
2.4
5

Vietnamese Noodle House
Easton
Vietnamese
Monday 10:00 21:00, Tuesday 10:00 21:00, Wednesday 10:00 21:00, Thursday 10:00 21:00, Friday 10:00 21:00, Saturday 10:00 21:00, Sunday 10:00 20:00
$$
4.4
32

Vietnamese Noodle House
Easton
Vietnamese, Noodle
Monday 10:00 21:00, Tuesday 10:00 21:00, Wednesday 10:00 21:00, Thursday 10:00 21:00, Friday 10:00 21:00, Saturday 10:00 21:00, Sunday 10:00 20:00
$
4.4
32

WcDonalds
Tokyo
Fast Food
Monday 7:00 22:00, Tuesday 7:00 22:00, Wednesday 7:00 22:00, Thursday 7:00 22:00, Friday 7:00 22:00, Saturday 9:00 22:00, Sunday 90:00 22:00
$
5.0
19

